{
   "development": {
      "username": "root",
      "password": null,
      "database": "question_application",
      "host": "127.0.0.1",
      "dialect": "mysql"
   },
   "test": {
      "username": "root",
      "password": null,
      "database": "question_application",
      "host": "127.0.0.1",
      "dialect": "mysql"
   },
   "production": {
      "username": "root",
      "password": null,
      "database": "question_application",
      "host": "127.0.0.1",
      "dialect": "mysql"
   }
}
